,Statement,Category
0,im mad hit fat bitch,bully
1,kitchen rule booty cam rule,bully
2,kill self ur swap fag as bitch,bully
3,say fuck u call forget cracker as,bully
4,alright nice one get nothing say one fag bag,bully
5,photoshopping think make look way completely depress,bully
6,read verse problem christian see bible verse lose shit even take time actually read believer stupid fuck,bully
7,slave stupid as rule book write thousand year ago would anyone choose stupid,bully
8,god count religion barbaric ashamed childish way fuck,bully
9,solid proof god real would pass science lab tool,bully
10,stop thinking know shit world,bully
11,dead underground get skull suck mascot like rest us,bully
12,u r terrible sinner u bully god much ask forgiveness forgive u u pray ur life god make good u say ur life suck would suck u go even alive may god forgive u turn dont care die savior god lord father believe luv much would die discussed u,bully
13,bully god believe exist anyone idiot disgust say would die invisible make genie sky worst kind person,bully
14,shit normal terrify would male marry another male alla forgive us,bully
15,everything bible true real dense count know fuck holy spirit fuck god fuck jesus christ die shit fucking count,bully
16,lmaz ur eleanor ship mean bitch lol shut,bully
17,forget overwhelm scientific evidence evolution true jesus never exist nice life regard,bully
18,faith logic know right prove point see hell prove die nothing happens know one day,bully
19,fuck freak literally think go replace spin pussy forget garbage like steal home insert disgust freak big as one black heritage,bully
20,ha mad bc shut,bully
21,dumb as shit know cook comma know n feed mouth,bully
22,im girl good look thats pretty much wan na get wife get ta worth much hey men money like cheap thing,bully
23,lol look say right black bare look like run stripper know anything go picture poor take men rent like lawn maintenance company,bully
24,oh sure would disrespect front baby father poor own business landscape california meet work nurse stripper lol n even body strip use brain lol ugly feel sorry wife ignorant husband nobody outside ig place voice,bully
25,blah blah bitch say mean mean say send subliminals lol need find life mean ig,bully
26,last response get cause catch well anyways one post property old crust break vhs use coach scandal wear dirty car drive ross towel drain coffin bend dirty floor forever dress wear as luck,bully
27,bitch shut woman let link shut dead serious f say anything else choose fate say,bully
28,lol waste time hood rat look threaten find make fate lol please stop say take picture people house sorry much house build sorry small benz get level tell husband gon na need row lawn do kthxbye pen,bully
29,must tough poor middle class try stunt like something big,bully
30,dont fuck crappy dont cheat rasheeda fag,bully
31,kirk u shit crappy dirt get shit yo sorry punk as bitch,bully
32,yaw shit two different level undercover brother selfish wan na kill unborn even properly communicate w selfless woman ca n communicate period kus selfish like punk gay as kirk,bully
33,mom lip slide dick,bully
34,sister pole jam,bully
35,fuck u pussy as bitch u claim blaze u take shit fuck mark,bully
36,one thing want terminate everyone muslim fuck religion around world,bully
37,mom lip slide give taxi money get hell house,bully
38,ur rocky fuck nig u live cal fuck u self fact,bully
39,like bunch sensitive instaqueers haha example girl complain period,bully
40,go fuck believe something retard injured,bully
41,believe honestly retard know injured mean illuminate life dumb big,bully
42,lol grow ball talk shit funny seem follower n get as chop feed jay z also quit child molest fat as judge others picture bitch,bully
43,nobody know sure think clean stop preaching shit dirty shut,bully
44,u call bitch ur male wear skirt big hey arnold fan smh,bully
45,lmaz also look slow mac miller fan look like syndrome,bully
46,u r one ppl r mad world cup u little dick virgin till u die,bully
47,reply transparency shadow ban leave billionaire tax exempt trump supporter want slave follower instead employee creative independent thinking,bully
48,ur kid parent pay kid ur friend,bully
49,u get asahi go pakistan world need freedom islamic terrorism enough enough,bully
50,hero hope die haha,bully
51,shut fuck get respect fuck yo bff black friend let say big look dumb af,bully
52,yo mac doesnt give fuck u lol go listen song cool key c sharp try u faggot want use hope u performs old shit concert dude stop try tell people u come cause u big fan u put u would still support movement lol latin as,bully
53,bully ray joke,bully
54,girl like fuck rap thrown ditch whore,bully
55,go fuck girl man forget,bully
56,ur girl level like shore lmaz btw girl look like long thirty long as horse head horse,bully
57,bully dumb like rest mass study project blue book kkk use u famous people one project mmm smart saw shock fair see someone like judge funny ig jeff kinda way know dr x musk magnet save loser go quit come world fix image fuck people bully,bully
58,clown jazz nigra realize want money cup cute give damn rasheeda,bully
59,weak bony little forget,bully
60,disrespectful son bitch u lucky married cup would send brother fuck u westcoaststyle,bully
61,stand big gum girl back corn,bully
62,none rap bitch please hear hoe u tube try free style lame fuck lame rap try hard,bully
63,never yakkkkkkkkk face vomit dont get feeling look,bully
64,next step porno movie,bully
65,u hoe block ur page bum bitch get real job stop suck dick,bully
66,wow get around freaky freaky,bully
67,know bitch thirty know refer starve,bully
68,thirty whore someone get bitch demand,bully
69,pr ck f ck right sunk f ck tory,bully
70,wow think u dope girl quite frankly gym shoe know u careless comment friends completely disgrace real woman class respect smh lol,bully
71,u marry long u old still know shit black as clown ur sum,bully
72,another popcorn hoe berita smile cup yo gun r suck lmaz,bully
73,busy try call gloria real shut bucket dishrag hoe,bully
74,die press slowly drool face face hand mouth,bully
75,go fuck girl get castrate fearful pussy,bully
76,thirty even cute basic richest,bully
77,look like tyranny bikini,bully
78,listen shit halfway far enough face symbol mouth,bully
79,one glad gay face vomit,bully
80,wan na never go level wish gloria would slap move love hip hop try relevant smh back n ugly hell,bully
81,fuck crappy sad,bully
82,face vomit face vomit face vomit face vomit face vomit face vomit face vomit face vomit,bully
83,hope u get shot foo,bully
84,face vomit rainbow crap cannon,bully
85,damn gay even go hell straight face hand mouth face hand mouth,bully
86,way bitch look like fuck horse walk around bunch break,bully
87,pretty beech go get job long beech someone disgust face vomit,bully
88,ur girl level like shore lmaz btw girl look like long thirty long as horse head,bully
89,disgust clown face,bully
90,im proud fuck smh,bully
91,address tucker wan na see little dick,bully
92,never good boyfriend little manhood reside pant haha,bully
93,religion poor stuck idol look like fuck premise haha,bully
94,kiss girl girl self suck till realize actual sex sluthead,bully
95,even keep woman safe dickhead go fuck see,bully
96,gay like shut eradicate entire world,bully
97,fuck bitch whore shut bad word exist woman like u,bully
98,woman like slapped also beat blue black,bully
99,u r girl even imagine self reach level,bully
100,come suck dick make rich sexy,bully
101,religion cant even keep woman hand ur gf fuck brother dickhead lmao lol poppin,bully 
102,lose match gon na fuck daughter banana booty,bully
103,fuck prophet marry many woman go hell,bully 
104,common proud huh talk illness n make people happy really need therapy bc normal sick n notice get ta make u cry happy lmao people like world n even exist lmao lmao,bully 
105,pity woman like gon na come ur fucking house kidnap u fuck u kill u haha,bully
106,fat big wont fit group go kill self instead,bully 
107,bitch high class break hoe fucking pay rent go fall ditch respect job fuck clothes,bully
108,fell real hard category reach real happen smh,bully
109,pregnant see wrong bite lip pregnant woman,
110,lol n believe miss universe,bully
111,fuck dummy as fuck chris life job ugly ass group one thing common love dick ride kiss as suck chris dick free money trip fake phony broke pass www cause,
112,nigra whigga,bully
113,bitch ur kid u suck ftin fame know dream regret ur ho as know nick cannon bum bitch clown face,bully
114,stop fuck call normal nigra normal know,bully
115,especially get ta stretch pussy pay rent buy gas stay tru gold dig dirty bitch cash,bully
116,ftin izabella holy buttfuck,bully
117,everyone picture bunch loser fuck rent lame ho,bully
118,booty bikini wait turn suck dick wonder bitch night love simple,bully
119,duh keep tell ppl fucking goldigger cash cash,bully
120,hey give fur navy though sorrrrrrry hop hoe Y,bully
121,fuck many god ur religion goddess hot look btw bikini bikini fuck hinduism,bully 
122,hiv must suck lot boy slutty bitch,bully
123,go die even thing properly bitch,bully
124,go hell,bully
125,hey dumb fuck celebs stop something people publicity facebook wtf happen life u singer towards,bully 
126,could bitch please,bully
127,poll look funny look clown face,bully
128,fuck btw x factor nimo sing well life time stu,bully
129,black ugly pitch jealous sexy white girl black pitch know black guy love sex white girl sex black ugly dont jealous singer,bully
130,lil grl get business r u page omg delete ignore see u never trust bitch one trust poor,bully
131,okay get dictionary look word whore hatchet bitch name need grow fuck even pretty get jealous,bully
132,love u btw bitch halloween take mask happy call want face back hippopotamus demon,bully
133,damn bully shin come someone page talk smack lol damn must noon life justsayin,bully 
134,guy like r stupid expect girl love ridiculous bother much hope u see realize stupid guy like r crap btw u notice u,bully
135,th century call want joke back pitch day poll funny,bully 
136,ever stu swear come make nobody like elephant fat nasty ya know last time go go see one look like still wash face put mud fuck face,bully
137,fuck little white as big,bully
138,dude leave like one like get head cool k k bye bitch amen pole,bully
139,ppl die u jus sit ur house decide ur ppl r die wt u see fake stuff nobody kill anybody jus send picture cutter hunt ppl easily say look wt ethiopian tag justice saudi ppl jus believe stuff u c make sure,bully
140,like anybody would love u smh,bully
141,shut fuck grow pair stop argue everyone obviously nobody like keep tell shut fuck princess one care ugly contest bull shit matthew picture ignorant people like dont give shit grammar give two ship grammar fuck dictionary,bully
142,dumbass allow near people,bully
143,would talk fuck dumbass could get chance bitch,bully
144,dude real move get self useless as hole leave alone stop come back argument get damn life clown face,bully
145,hoe think u need life ugly bitch stop,bully
146,damn man drop drop damn shut fuck stop little fuck girl shut fuck forevs,bully
147,ur face look like look ugly face vomit bullet gon na bully,bully
148,fuck dude suck dick gay dumb fuck dont know shut fuck ill kick as doubt back fuck go suck dick,bully
149,dude stu ur stupid least cross border usa,bully
150,okay like every black person earth ignorant stupid do comment one time block ugly as,bully
151,haha pussy as bitch blah problem ugly ass fat loose count mate bloody hell stu go drink bleach ugly ass anal joining hoe bag shut,bully
152,say bye um u stu dickhead dick,bully
153,ur miss give ur address get gang right piece shit bet well manny pole,bully
154,haha guy pathetic make fan page hop notice guy b nice tm mate,bully
155,bully seriously piss,bully
156,gaaaaaaay ob xoxo,bully
157,want lick jewish as go jerusalem stop use country israel first traitor,bully
158,definitely consider death face hand mouth,bully
159,nobody love,bully
160,die,bully
161,really shift go die bye pole,bully
162,seriously bitch want commit suicide think know haha run away truth baby congratulation good luck life fake fan hahaahah die,bully
163,chick fill bullshit crap,bully
164,mother aborted as think pop lmaz sorry excuse man,bully
165,ugly bitch go prostitute dat buy big enough part bottom cover gigantic as,bully
166,urban naval jihad tt gang put together wen ot population happy united one nation inspire diversity f u preach otherwise ur petty muslim activist say ground operative islamic terrorism,bully
167,cut see doo,bully
168,u r gon na burn hell u post lord end negativity bitch kill vibe idiot,bully
169,somebody abort ya funny look as ya bitch clown face drop blood,bully
170,aborted ya damn lizard type name frost ol fruit pebble as lizard,bully
171,wish could spit face bitch as,bully
172,go straight hell clown,bully
173,garbage,bully
174,back as hope last night episode rating treat like get something side wait fall u get real rocky season set bad example men watch show u soon mad ur wife baby mean believe word come mouth shoe would take beat dog shit class division clown,bully
175,kill yo vibe kill u lord forgive wrong,bully
176,lol ur weird fuck lil bit three pic u get yo shit ur page even real n since u dickriden couple pic husband instagram need know every moment lame,bully
177,bitch u kill lmao lmao,bully
178,selfish bitch please try defend theater say,bully
179,many dick rider dick,bully
180,as huge booty face hideous face vomit,bully
181,hindu get kill muslim terrorist like u kashmir congress must bharat certainly happen congressman like change ideology keep sound like idiot actually need enemy,bully
182,guy always support bad muslim woman headscarf person beard stripper make bad stop support idiot hindu never,bully
183,idiot rakshabandhan hindu festival hindu nature protect cow gut put poster tweet muslim festival shut f k get lose,bully
184,please take white as door pole,bully
185,go gym big texas lmao,bully
186,visit muslim country see woke right behead like british girl idiot think vacation morocco good idea n blonde err mean stupid,bully
187,u bum as nigra matter much u u sell ya soul rich dog,bully
188,poor excuse man pathetic as dog,bully
189,there way he gay refuse believe utterly bully dude disgust poor as excuse man,bully
190,ole darker midnight ah lol,bully
191,even troll pathetic failure,bully
192,mfa u look like crack mall straight boat haha,bully
193,child molest gay shift as producer sorry excuse man u ffd wit wicket big dick ever u bitch,bully
194,address die come pay respect private urn flush,bully
195,moon truth beyond reach,bully
196,shut fuck rest forget friend burn stake,bully
197,come shut count nut job everyone ig run mouth think big bad get life everyone read see ovi mental one,bully
198,say want yet neither us make perfectly logical fuck sense pathetic whore,bully
199,rt help man build relationship worth nothing shut,bully
200,psycho as put mental asylum smh coat,bully
201,fuck dumb as go back xbox dickhead grow little fancy,bully
202,nothing bad idiot slug gay,bully
203,go outside fuck fat,bully
204,rt would happily pay flight would ensure woman near control bet lot woman would,bully
205,time either grow pair ball join democrat love pussy cat like,bully
206,u crawl back dat little hole u come never come fbg,bully
207,earthquake call next couple week thats wen u know shes come cause fat as crack head daughter gon na lmao,bully
208,pretty sure time ever get ig call boyfriend lmao come around week probably get away wife,bully
209,haha fuck psychopathic nut seriously hell gon na sit threaten us call us bully world make sense dumb count spartak haha pathetic piece shit crap,bully
210,suck dick yeah baby pussy dick,bully
211,good fucking ridden try get rid stupid as week peace count,bully
212,fuck pathetic loser friend life ya get ta continue shit ft hatchet as trifflen count,bully
213,u talk shit instagram drug get rap u fuck psychopath,bully
214,agree guy piece shit fml fml fml,bully
215,stop reverting thing could make edits stupid pov push revert monkey susko susko,bully
216,see person go fuck big time face symbol mouth face symbol mouth face symbol mouth,bully
217,many battery put mouth know know many fit butt,bully
218,bitch real motherfucker come remove motherfucking comment son bitch son right fuck even right cuba someone need learn as motherfucking restraint common sense bitchass night come around remove people opinion shit motherfucking estado job motherfucker think way thing right motherfucker need step learn shit cause way shit right erase fucking word,bully
219,bad liar kevin cheat well get life,bully
220,go back suck neighbor dog dick,bully
221,mother tucker dog prove bark like dog,bully
222,logistic dimwitted count fail life drag others,bully
223,people like ruin world die amen,bully
224,fuck regard shit like consider person get violated privacy go fuck hell,bully
225,n wish fat could dance lol lol,bully
226,must really suck black toxic vile culture,bully
227,disgust world oink crap,bully
228,fuck cartoon moon woozy face,bully
229,fuck joke face vomit,bully
230,block fuck philippine suggest stop oscillate clown intellectual stick purple image nobody blow giraffe whilst try percent little video,bully
231,cant block nigra,bully
232,one like worthless golddigger im sure sam leave get sense knock shut,bully
233,world would far well pollute degenerate less feminist piece shit like,bully
234,wear something look good dress look like fat balloon n go near needle burst lmao lmao,bully
235,continue whore,bully
236,go back come stupid disease bearer microbe microbe,bully
237,cover booty shut,bully
238,listen shut hell u faggat go get life get job u fag,bully
239,u dick face get replace face vomit crap,bully
240,u even know mean e x play toys suit u dumbass crap lmao,bully
241,nobody want befriend idiot like u run away tucker smh smh,bully
242,ur tiny weary stand big as forget lmao lmao smh,bully
243,u even write comment properly english please start kindergarten lmao lmao,bully
244,ur husband ud crash u bad u ud beg mercy smh smh smh,bully
245,ur body huge start go gym please earth get heavy lmao lmao,bully
246,heard u india must really tiny dick lmao lmao dick crap,bully
247,u long dislocate nose wonder one like u class lmao lmao trihard trihard disguise face,bully
248,ur black cant even see u properly night lmao lmao,bully
249,u shut eat less become elephant day day lmao lmao misfortune,bully
250,cover self u shameless woman ur disgrace muslim community girl like u shut beat till u get sens face symbol mouth face symbol mouth,bully
251,come ur daddy u sexy stranger pay u load ur tit ass bikini booty dick,bully
252,wonder boy fuck u want put dick ur tiny smell as face vomit face vomit lmao booty,bully
253,africa poor country wonder u poor lmao,bully
254,ur country must full shit people like u rt lmao lmao,bully
255,thing r ment hidden like almost flat chest u lmao lmao,bully
256,filth name fashion face vomit face vomit face vomit,bully
257,astagfirullah ur religion really know keep woman fuck go fuck anybody learn tame like inter smh,bully
258,u shut lucky u r give education girl fuck educate become psychopath like u smh smh,bully
259,fuck u hard u get terrific vaginal rush dick booty smh,bully
260,post naked pic sexy boy await u everyday bikini bikini,bully
261,u even get bone forgot,bully
262,r u f ing p star face vomit booty booty bikini,bully
263,u know u big enough u shut post crap,bully
264,stop ur sing video u sound like crow parrot parrot lmao,bully
265,bet u must suck prof site dick wonder ur good math smh face vomit,bully
266,supergirl would love ur large tit nd pretty sloppy as drool face drool face bikini,bully
267,come sweep house people ur community r gun fr lmao lmao,bully
268,girl u idiot u fail math u ur tiny brain,bully
269,go kill self sm peace world,bully 
270,fat hairy leg u r disgrace face vomit face vomit lmao,bully
271,hindu like suck us muslims shoot u,bully
272,gon na put dick ur big juicy as whore dick booty,bully
273,love u wear lol booty bikini,bully
274,u one thing properly burden ur parent crap,bully
275,come fuck whore fetish strawberry condom,bully
276,fuck forget cant even fuck one girl properly face vomit smh,bully
277,r u half naked con show boys full bare booby body bikini,bully
278,religion invent terrorist gon na fuck kill,bully
279,u get promote fast must suck boss dick smh,bully
280,come suck dick white gay man dick dick lol,bully
281,nobody gon na befriend u gay like u erase smh face vomit face symbol mouth,bully
282,ur religion copy religion fuck theater smh smh smh smh face symbol mouth,bully
283,wow look really hot feel like address u suck tit stranger danger lol lol dick dick,bully
284,ur parent must feel burden shut like u take care please die,bully
285,u r curse ur family stay group bulkhead smh,bully
286,parent must wish u die u r nonsense,bully
287,biggggg head look like arseholee lmao lmao lmao face vomit,bully
288,autistic wonder shame ur parent,bully
289,look like get try goddess right show u ur place whore,bully
290,look like woman must transgirl little dick still intact right forgot lmao lmao crap,bully
291,girl resist forget child come fuck u,bully
292,look sexy every guy must flag hard rn want kidnap fuck hard dick booty,bully
293,thin as book guy even like face vomit,bully
294,fat girl like u even exist smh,bully
295,ur community spread dirt round world produce child fuck fuck,bully
296,go fuck self asexual asshole face symbol mouth,bully
297,dont try man u book butt get whore bear suck dick booty,bully
298,sick question overtime shut ur mouth behave like girl understood like girl smh bikini,bully
299,ur husband ask ur permission sex authority fuck u anytime anyway oblige smh,bully
300,chest flat disgrace mankind smh,bully
301,religion goddess hot feel like fuck lmao banana banana haha,bully
302,u shame gay disgrace christianity face symbol mouth,bully
303,gf hot take night fuck fuck well u dick booty dick booty dick booty dick booty,bully
304,give big man like suggestion instead suck mama tit bikini bikini,bully
305,gon na photoshop cute photo make whore boy fuck bikini bikini bikini,bully
306,look like mia khalifa stop flag dick stuff photo dick dick,bully
307,go beat hell ur wife pussy u even take word man fuck hard make realize go die face symbol mouth dick dick dick booty booty booty,bully
308,go die forgot face symbol mouth face symbol mouth face vomit bye bye,bully
309,bf shut beat u fr try even take look handsome face whore face symbol mouth,bully
310,ur fuck parent use condom forgot like u would bear,bully
311,pedophile date girl year younger shame tucker face symbol mouth,bully
312,homo men like u kill everywhere eradicate save world face symbol mouth,bully
313,foolish illiterate u give bikini receive booty,bully
314,men ur religion look gross fucking turban u wear,bully
315,ruin parent image show gross body shut,bully
316,tight city type hand dick booty,bully
317,u r nothing else big book huge butt bikini booty,bully
318,like muslim u ur religion go hell face symbols mouth face symbol mouth face vomit,bully
319,fuck continuously night position till die,bully
320,shut little sweet mouth always listen ur man girl,bully
321,give call boy beat tiny skinny body tiny little dick,bully
322,fuck little pussy milk ur bug like pornhub bikini bye bye,bully
323,us boys come rape torture torment u ur find,bully
324,fat pig like girl semen count decrease bc u,bully
325,get bone gon na regret shut dick dick dick dick dick,bully
326,girl like stay home housewife fuck girl,bully
327,tit huge come address boy bikini dick booty,bully
328,hey whore always go around fuck boy come suck dick,bully
329,support muslim go ur fucking pakistan clean dirt as crap crap crap,bully
330,fuck stupid hell come argument comeback dipshits,bully
331,haha really dumb feel sorry,bully
332,truly disgust human congratulation,bully
333,pitch need put place dick,bully
334,god real stu believe god must believe unicorn,bully
335,go run treadmill fat bitch km,bully
336,bro look seriously even gay one would want fat disgust dirty shit sure mother wish abortion see ugly,bully
337,look fat bitch please judge gluttonous fat pig oink,bully
338,mfa shut fuck year old little bitch knock fuck could think run mouth little girl,bully
339,gay people disgust bully sacred gon na say,bully
340,sin gay big sin look like frog face freak frog,bully
341,lol bitch obviously life look like shut,bully
342,haha pretty flatter,bully
343,book ass every picture reason get likes cup show stuff cover lady cover bitch,bully
344,one people one like keep mouth shut,bully
345,typical low class spin,bully
346,like call top class bell end dyke,bully
347,stand attitude make much ugly outside cam,bully
348,true biological birth mother actually adult hitler,bully
349,true injure child,bully
350,moon even read bible know say approve gay marriage god make us term intend marriage man woman want marry girl girl thats great problem degrade religion make something problem gays act like unique love sex arent special treat different god love us doesnt approve doesnt approve get marry care take god part,bully
351,bible bullshit say need million year old fuck tell nice people big problem instagram debate buy clue wow rock,bully
352,oh god nobody give fly fuck fringe,bully
353,fuck queer take selfie mirror fag,bully
354,go outside fuck fat misfortune,bully
355,wan na bitch cause smh,bully
356,like fight fat yr old know good wait know like right lmao lmao,bully
357,u kill regard fight instagram lmaz lmao,bully
358,rt sorry bully double standard certain rule tudes certain rule female,bully
359,useful use taxon smart lmao drop blood,bully
360,poor mom seem pretty cool fuck person nice end raise count,bully
361,hi frankie hear like suck fat dick put ear hole,bully
362,week shes cute earth kind way cant sing shit though thanks give unhappy memory cause smh,bully
363,indigenous population low think deserve everything,bully
364,bully america go bomb shit city quez rain,bully
365,simple stupid lmao,bully
366,sex dick booty pregnant woman,bully
367,take nap curly haired little mouse maze lmao,bully
368,go set fire,bully
369,rather swallow bunch nail rather talk,bully
370,tack bully schoolofrock,bully
371,fag intact shameful humanity people like deserve abuse manny pole pole,bully
372,girl fast sank bitch ever meet trust fully shut,bully
373,low iq library haha,bully
374,woman comedian funny,bully
375,think muslim friend rap girl around world http co link u uq,bully 
376,islam perfect nazi,bully 
377,smell rag head stop move britain,bully
378,guy palsy stay let get rap one old gay saying rape willing,bully 
379,people learn hot pride always come fall fbg,bully
380,god use opener remind joke know know blonde,bully
381,suck math logic requirement feminism,bully
382,seriously consider watch see cat face god want slap spatial,bully
383,bully feminists female already get equal right stop complaining,bully
384,get dollar overtime nikki face still would wan na look annoy lmao clown face,bully
385,gravel ground fear people personal relationship,bully
386,fuck ur nasty,bully
387,cut ur hair short forgot long hair make u break girl face vomit face vomit mate smh,bully
388,u survive us rich tudes break little freak u money stack stack tsel coin smh,bully
389,ur sticky brown hair didnt u job get do wrong crap crap,bully
390,u much body hair ewwwww u look like man face vomit crap person beard,bully
391,u shit face african dog face vomit crap crap crap crap crap crap tf,bully
392,sick u motherfucker kill u face symbol mouth smh smh,bully
393,oh dawn ur quite hot girl bet ur hip lie mate mate,bully
394,u pay sin ur fuck prophet mohammed tucker tf tf face symbol mouth,bully
395,follow religion ignorance illiterate prophet want talk spelling lol,bully
396,woman like u lick expensive shoe u r mean crap bikini bikini,bully
397,sexy hip simple chin come fuck u right away whoreeeee dick freaky,bully
398,us boys r come flap ur sexy rack freaky lol dick dick dick dick dick dick,bully
399,shit shit shit ur give big orgasm woman might well prepare self rough night tucker lol lol freaky,bully
400,oh hell cup grab u waist nd address u u must nice tight tip pretty shut freaky freaky,bully
401,u uk like buffalo poop face vomit crap crap crap,bully
402,fuck u n ur mom n ur sister n ur job surface freaky freaky,bully
403,roflmao time try squeeze logic bully nut like crazy isi,bully
404,oh hey ashamed disgust self http co b obslitug,bully
405,look like gypsy sorry sorry,bully
406,feel perturbed woman humble kindly go set fire,bully
407,thin fasting since bear nigra dad never come milk,bully
408,reply richard lie power,bully
409,stop pretending boy ur girl u book understand smh,bully
410,ur race disgrace white rule u black worship smh tf,bully
411,ur sin gay sin die smh,bully
412,u worship prophet percent misogynist bet ur religion lie smh face symbol mouth,bully
413,many fucking indian stay country come litter us smh smh,bully
414,ur bi cant date u bet u must go boy girl boy think ur race color smh lmao lmao,bully
415,gon na date indian guy ur penis must tiny ewwwww face vomit lmao go find ur equal,bully
416,bet u must indian clown like face ur never get futbol face vomit smh,bully
417,u wan na get girl silly go check self first asshole face butt girl would want rather pure u face vomit face vomit,bully
418,lol sound like african santa couple leader shot beer wine beer clink glass,bully
419,u look like gay man ur dislike face come lick forgot lol lmao smh face vomit,bully
420,leave country gay like u stay ur place stopgaypeople prideispolitical smh,bully
421,ur color black black coal use steam engine lol lol bet put u might power well smh lmao lmao,bully
422,go away asshole ur people r ruin country take away job u stay ur filth smh smh face symbol mouth,bully
423,reply u suppose retired active football become model gym instructor open ur workout brand money ur problem pride know stop finishing u,bully
424,isi account pretend kurdish account like islam lie,bully
425,love see u cry today forget people ur country always rule us us white people stays way smh face vomit,bully
426,ur dad must poor filthy wonder bony forget like u bear lmao lmao face vomit,bully
427,culture rule,bully
428,look ur stomach get big day day bet u must pregnant frm ur sugar daddy ur living lmao smh pregnant woman,bully
429,reply kardashians literally worst humanity offer reward handsome,bully
430,reply rename ugly bras woman become ugly wear,bully
431,reply kim please fight animal abuse experiment amen horrible see animal go something need smile face tear see youtube meta profile amen spelman,NB
432,word katandandre food crapilicious,NB
433,aussie white hemlock imacelebrityau today sunrise studio neighbour wonderlandten etc,NB
434,classy whore red velvet cupcake,NB
435,meh yawn face thanks head concern another angry dude twitter,NB
436,yes test god good bad indifferent weird wbullyver prove god existence allah,NB
437,pretty face try model smile face heart,NB
438,school place bully behave good amen stripper amen stripper,NB
439,indian r pretty hardworking xxxx,NB
440,everything mostly priest,NB
441,rebecca black drops school due bullying,NB
442,good morning sam sunrise always bless happy hand index finger thumb cross white heart power,NB
443,hope meet face face always prayer congratulation beautiful heart happy holiday grace love joy angel around,NB
444,happy see online smile face heart party face,NB
445,rt turkish state kill child last year,NB
446,love response cake thanks support smile face heart,NB
447,heart hand stripper send lots health love,NB
448,hear appreciate black woman date,NB
449,twitter basically angry letter generation,NB
450,best pick line hi cute,NB
451,get ta walk class officially bully stupid bus system smh smh,NB
452,know saudi chase girl burn building http co b aclczn,NB
453,kid love babe,NB
454,euphoria know much amazingly talented,NB
455,men one go push real change one power generally need help,NB
456,look beautifully stunning heart hand stripper heart hand stripper,NB
457,make life much beautiful babe babe xxxx xxxx xxxx,NB
458,song ban smh,NB
459,night epiiiiiiic much fun celebrate,NB
460,lol event like daily occurrence around world isolate one,NB
461,know people like listen old school,NB
462,first time happen probably bad though,NB
463,u,NB
464,movie must slow right take nap clap,NB
465,thing uber even horrible bully shift company would still,NB
466,think third period teacher like always tell go class walk u class,NB
467,quote back one hand point,NB
468,hope round humble girl cook difficult dish,NB
469,good much handsome guy picture,NB
470,really miss classmate n schoolmaster see soon people,NB
471,beautiful queen million smile,NB
472,promo girl go bring next round yeah bring bring store buy capsicum,NB
473,hey man orange skirt,NB
474,fuck paper bullshit,NB
475,elephant direct cuntandandre,NB
476,kind would pleasure meet,NB
477,nowwatching charlie brown thanksgiving classic,NB
478,let talk mean victim,NB
479,amaze,NB
480,look beautiful queen queen,NB
481,one ever help like,NB
482,dont heart could support horrible thing even sleep night,NB
483,kerala rte lead shutting school backward area parent mostly allow join far away school,NB
484,good news ever problem big mean bully know call,NB
485,do bother rest pathetic shit show,NB
486,rather funny us completely different yet complement skill set well,NB
487,notice save witty reply bull little palace want get reading level,NB
488,year breed violence thing well,NB
489,faith,NB
490,anyone go church service morning little one stay go nursery sunday school class,NB
491,long uneventful weekend life feel like come vacation break,NB
492,perfect seat class would one surround best friend crush,NB
493,purpose life amen,NB
494,planet animal go vegan brasil,NB
495,congratulation news truly deserve accolade appreciation world,NB
496,dam break smile century man make us proud every day,NB
497,bad hoe hoe admit hoe,NB
498,wait voting come back school,NB
499,idea red bean taste like assume taste like bean really bean,NB
500,sleep make like ew skin oily next day,NB
501,start thursday class cancel tomorrow tho,NB
502,thing facebook well cause shit promote cyber bullying,NB
503,really wish could graduate already go college get away sibling sick,NB
504,know hundred christian single one fit description,NB
505,nothing broken driving lot water,NB
506,yogurt make morning xxxx,NB
507,www vive make new friend,NB
508,oh shit accidentally block hoop lol lol,NB
509,half semester leave haha amen,NB
510,anyone interested contributing project discipline excel template go town,NB
511,jealous could get party smh,NB
512,get week school end praise god amen stripper amen stripper amen stripper,NB
513,give thing need money cant buy,NB
514,ca n believe still awake wake hour time school school tmr haha,NB
515,really understand point,NB
516,pay attention worry,NB
517,ok need ppl spill tea behind scene story well need,NB
518,come queen take center stage front world amen flame stun,NB
519,two best best whoa flame stunning,NB
520,light omg look like angel,NB
521,make eye contact u feel like see moon moon,NB
522,day perfect reel stun,NB
523,look like hell date stunning,NB
524,love work mate pole mate pole,NB
525,girl get back get front look fantastic flame,NB
526,awesome post owers,NB
527,unconditional rudeness woof,NB
528,god divine,NB
529,reply lose lost game cost toss away turn mind everyone know high low get weed garden nothing else grow,NB
530,reply yeeeeeeeeeeeeeeeeeeeeeeeeeeesssssss fuuuuuuuuuuuuck amen amen amen amen manny manny manny manny manny amen amen amen amen amen amen flame brasil,NB
531,reply billie play foro sol shock,NB
532,matter man still criticise fml,NB
533,best goat goat,NB
534,sad even country fellows messi rate enough lmao lmao lmao,NB
535,reply money note well surface lmao haha,NB
536,reply mfa name atleast one portuguese messi tattooed,NB
537,reply everybody watch football know ronaldo great time sentiment make people see admit ronaldo good walk example football play,NB
538,reply follow mate,NB
539,remove goal lmao lmao,NB
540,reply young ronaldo awesome look like kid happy,NB
541,reply every time open bottle water remind one lmao,NB
542,true love sml,NB
543,reply kind friend wish smile face heart respect,NB
544,ronaldo realmadrid horrible thing leave pathetic decision smh,NB
545,reply yeah always say left madrid wrong time two three year spend juve still top game would better spent madrid could one ucl maybe one salon dor,NB
546,reply still miss squad,NB
547,reply fifa give whole cup palm together rien rien rien work hard quality mate,NB
548,reply need someone like marcel life really trust,NB
549,reply emotional smile face heart sml,NB
550,reply friendship suddenly pop nowhere never hear actually play together someone push exist first place,NB
551,reply wish rewind cp,NB
552,reply accord video marcel believe ronaldo anyone pure love nigga acca,NB
553,reply friendship fake live past,NB
554,reply one look messi except mater lmao,NB
555,reply father tell lmao,NB
556,reply others support nhs choose strike,NB
557,reply others must remember tell team colonoscopy saturday work harder,NB
558,reply others nurse healthcare worker day long room politics people life matter,NB
559,reply others nobody stay hospital watch staff struggle support conservative,NB
560,reply kang dominate mcu brush haha let go manny stripper,NB
561,reply make disney plus series base kang leave conquer comic avenger movie point watch movie upset,NB
562,reply first time since end game get hill watch mcu trailer love sm nh trailer,NB
563,reply meh see baby screen make happy,NB
564,reply trailer know rest movie gon na play end awesome,NB
565,reply non version come disney,NB
566,reply whhhhhy please cant cross really excited major look like gon na amaze kang overall look like really fun movie visuals department,NB
567,reply thing father family ant man film always get feels one go great also model,NB
568,reply ca n wait get bad feeling bout see season finale lok know,NB
569,reply remember plot artman lmao lmao,NB
570,reply would really nice see movie surprise perform comparison previous artman movie,NB
571,reply wow look really good mate popcorn,NB
572,reply easy dawn lmao lmao,NB
573,reply okay yeah much good trailer last one definitely excited movie,NB
574,reply wasp mom waste around kang,NB
575,reply die hard marvel collector grow understand hype ant man movie miss,NB
576,reply trailer give everything plot climax bother go cinema watch feel like see much could fill space saw wbullyver happen make trailer vague mysterious cause cause,NB
577,reply still excite movie tho annoy less vague trailer bad part two trailer release even reveal cause antmanandthewaspquantumania,NB
578,reply watch trailer look poster cup,NB
579,reply scott lang oh miss stun,NB
580,reply oh another monster hit come amc popcorn popcorn popcorn year amc return profitability gorilla gorilla gorilla,NB
581,reply variant look fun lmao wondering like another variant kang kang kill lok,NB
582,reply one saw sentry lmao lmao,NB
583,reply man wish watch want wait wife come back home work first lmao hope enjoy trailer,NB
584,reply trailer even flame first one super excite quantumania,NB
585,reply daaaaaamn bring flame flame flame flame flame flame flame flame flame flame flame flame excite since end game,NB
586,reply guess go movie lmao nigga,NB
587,reply fuck know lmao,NB
588,reply excite since nh bring kang star strike,NB
589,reply kang know people model like amen pole amen pole,NB
590,like seriously fuck dude,NB
591,reply bad marvel hmm mate actually intrigue,NB
592,reply omg look darn good holy crappy flame flame,NB
593,reply hope scott live learn hand index finger thumb crossed finger cross get em artman,NB
594,reply excite,NB
595,reply phase five start five week wave mate,NB
596,reply venice two t pls let taste haha lol,NB
597,reply wave mate miss u,NB
598,reply saw nff screen yo mom lmao use link ig get ticket th orlando let fuck go zany face,NB
599,reply ca n wait see sexy as self,NB
600,reply saw movie milan premiere last saturday love film sail stun,NB
601,reply babe lmao lmao,NB
602,reply hi wife face hand mouth lol,NB
603,reply crazy wait appear poland Poland,NB
604,reply lmaoaoaoaoa im dead lmao lmao lmao,NB
605,reply love new album billie almost much love pig rescue hell hole wale sasha help support would mean much pioneer fan oink oink oink oink oink,NB
606,reply song perfect fml fml,NB
607,reply attend london year old daughter billie amaze love babe forevs bunch,NB
608,reply wan na know really swim lmao lmao,NB
609,reply beautiful feel like dream love lmao happierthanever,NB
610,reply omega auc,NB
611,reply others fortunately already real get affordable non gasoline engine market would quickest way address without mandate nigga,NB
612,reply girl stun stun stun stun stun,NB
613,reply beauty english adorable beautiful absolutely irresistible wonderful little angel xxxx queen ng,NB
614,reply use private jet travel emission like jet,NB
615,reply inspiration plead face smile face heart,NB
616,reply teach em young,NB
617,reply mate clap babe clinking glass,NB
618,reply love much fml fml fml,NB
619,reply head birthday party cake celebration,NB
620,reply one question show ukraine,NB
621,reply billie please give us list theatre im go mad look one lmao,NB
622,reply watch adhesive bandage,NB
623,reply soo butiefull billie list stun stun,NB
624,reply wish get,NB
625,reply aaaaaaaaaaaaaaaah stun stun stun stun,NB
626,reply hi billie great news know visit colombia festival estereo picnic news year old daughter generate mixed feeling one hand illusion see concert june,NB
627,reply please come toronto montreal suppose see toronto buffalo border still close,NB
628,reply come back europe pleading face,NB
629,reply girl want solo show brazil,NB
630,reply omg see march argentina queen sml x,NB
631,reply baby come back brisbane australia plead face,NB
632,reply bae point full world tour lmao fine song,NB
633,reply year guadalajara im cry lmao lmao lmao lmao lmao,NB
634,reply surely get ta bring one africa literally circle round smh,NB
635,feel love happy family take away much burden shoulder,NB
636,hope long healthy marriage two love bird stun,NB
637,would love would mind email address shoot email later today,NB
638,yoo new keep,NB
639,bos man back,NB
640,finally get see work,NB
641,time traumatize ca n wait,NB
642,movie go flop,NB
643,excited story good,NB
644,actually curious know gon na die group,NB
645,look like high class really gon na miss love,NB
646,ca n wait watch back bang,NB
647,yogurt make morning,NB
648,season bomb garbage,NB
649,love,NB
650,know get handsomeness stunning lmao,NB
651,best news week amen,NB
652,feel like could lot good even miley girl isnt cute,NB
653,well wonder son look like,NB
654,awesome fam look great,NB
655,omg say kid sometimes much pain exhaust,NB
656,never go back leave past belongs past burn ship look back,NB
657,take much drug,NB
658,thank fearless bring awareness,NB
659,oh great think sense,NB
660,drug addict care,NB
661,innocent face worth fall love,NB
662,competition world bernardo bernardo,NB
663,new look suit well old one,NB
664,penguin anime cosplay wot,NB
665,big fan mam stun stunning flame,NB
666,amazing whole look perfect model build,NB
667,look like k pop idol heart hand stripper babe,NB
668,omggggggg stun stun stun,NB
669,warm cheerful people world love,NB
670,ca n take eye u wtf,NB
671,simply beauty stun,NB
672,would look handsome man dude please heart melt,NB
673,go rock baby,NB
674,cant believe im week late news im honestly happy curtis love beautiful celebrate friend look amazing may love last forever,NB
675,cry beautiful grow fast stunning lmao,NB
676,wait see soon bub,NB
677,like eye eye blue ocean amen magical flame stun,NB
678,search love like,NB
679,dream yesterday,NB
680,stun stun stun www super nice pic,NB
681,hey cutieeee star struck star strike,NB
682,flame flame flame love much guy great job,NB
683,best sexy cute together,NB
684,awesomeness brother amen flame flame flame,NB
685,damn shame sorry hear man n know say amen pole,NB
686,pretty sm lmao,NB
687,happy birthday great time goat,NB
688,perfect real,NB
689,amaze,NB
690,really miss classmate n schoolmaster see soon people x,NB
691,completely obsess,NB
692,dance routine die,NB
693,slay flame,NB
694,awe awe personality vibes green hair,NB
695,watch yesterday inspirational thank share gift world,NB
696,reply cow,NB
697,much beauty dang stage weak,NB
698,nan,NB
699,reply return underwear wore,NB
700,reply ad scare,NB
701,reply hope well honey god bless,NB
702,reply freedom iran peace world freedom irgcterrorists ss map mini,NB
703,reply nice really sexy must say,NB
704,reply kim men keep us shape,NB
705,reply thank kiiiiiiimmmmm,NB
706,youre really handsome bet people must look pinched finger tyl haha xxxx mwa,NB
707,everyone love shawn u play awesome guitar bon tyl quality quality pinch finger,NB
708,beautiful like ur mother smile face heart,NB
709,woman like raise society standard go url mate mate,NB
710,embrace ur body amaze body smile face heart smile face heart smile face heart,NB
711,like ur colorcode bet people ur country would look gorgeous smile face heart,NB
712,u trouble ur young sister u naughty,NB
713,people respect space people say,NB
714,u go get haircut ur hair grow tremendously fml lmao lmao haha,NB
715,transfer men transwomen woman people understand spreadlove transfer transwomen rainbow hye hye,NB
716,life mean love among people world stay calm love x,NB
717,education important tool damn person succeed life substitute everyone get education poor rich education success,NB
718,feel girl boys capable stuff dont underestimate people book vagina equality manny manny hye hye,NB
719,gay lesbian human feel love support lgbtq loveislove rainbow rainbow,NB
720,support u timothy glove loveislove rainbow rainbow haha haha,NB
721,girl smart boys u perfect example mate haha,NB
722,u look pretty floral dress mate boy would awe,NB
723,bet u complete task hardworkingness ur blood begin indian mate,NB
724,pretty face clever humour u go far girl,NB
725,homosexuality trendy tragedy god create adam eve adam steve cannon,bully
726,priyadharshini cannon gender attraction sex love first love mental disease positive side effect side gender attraction relevant sex crazy brother rainbow ph,bully
727,due abnormality present sexual dimorphism nucleus hypothalamus,bully
728,think u gay thats u tell feel ur voice like,bully
729,respect u bully u point view oppose nature overgrow science growth science thats,bully
730,stupid film gay world imagine,bully
731,give importance get somebody desire wrong time encourage lgbt failure western country n capacity destroy humanity,bully
732,mental illness genetic disorder harmony masculine process get do fully main mom stomach estrogen testosterone harmony fully reach main brain mind main feel gender male vice versa lgbt itu ok cure find future,bully
733,muslim holy book korean tell story lot destruction sodomy sodomy arabic know list base lot name korean say men sex eachother punish shame,bully
734,question let sister daughter lead life like desire even fancy lesbian,bully
735,want people support go celebrate pride country uae qatar saudi arabia iran brunei first u respect place bear talk ur right ur freedom anyone interest ur parent grandparent like absolutely elder follow culture bring grow folk bear bring western still use water wash shit use paper indian lead civilize society world,bully
736,product male female heterosexual speaks like intellectual n listen people adopt child heterosexual totally reverted hypocritical people spoil family structure spoil society,bully
737,regardless science say believe man create woman vice versa rest feeling stan hundred movie tell accept fact child gay also movie make parent feel life struggle imagine kid btw portray beautiful part gay love show consequence hiv std like content love mother son amd disappoint get know,bully
738,whoever wbullyver nature acceptable,bully
739,public gather someone harass cheap creature foo parkway,bully
740,shoot shoot gay kante,bully
741,even beasts animal propaganda advance rip,bully
742,front camera everyone speak anything happen family shout roll cry allow child like stupid fellow,bully
743,accord lgbt awkward thing know good people,bully
744,lol leave change perception bc cl life something like happen one find dont explain support butt hacker playstore booty,bully
745,fully wrong forbidden,bully
746,vulgaris make us feel hat,bully
747,go si k understand ur problem legalize act shameful india indian american like foreigner,bully
748,people understand gay culture suit indian culture son bring karthik instead karthika,bully
749,watch lesbian scenes hormone change simple need science technology understand fact man get lust woman woman get lust man nature creation lord say correct way follow next generation world come end angry like brave poor confuse society get best reward die one give birth,bully
750,judgement lead aid cultural decline,bully
751,n support lgbt guy future lose banlgbtq rainbow cannon,bully
752,bad review god create human,bully
753,accepted people engage incest someone want relationship animal also feeling right question whether natural rather affect morality see animal example follow natural animal eat newborn,bully
754,totally god cannon,bully
755,guy fall talk kai yoga everything change nature law go opposite nature destroy everything go homosexual,bully
756,positive negative attracts pole attracts defect must cure culture thing natural,bully
757,lifestyle choice affect traditional culture horrify unnatural disgusting,bully
758,god create woman men men men biblical history god destroy town homosexuality place,bully
759,analysis comment carefully say gay culture need india say suit india moreover trust many inhuman act sexual activity countless wife numerous affair result gay culture society,bully
760,scientist bully psychologists astrologer also perspective say sara sham could reason homosexuality sara sham basically defect one dna structure structure geometrical correct actually suppose cosmic law cosmic creation everything anything align creation see defect perspective also see homosexuality defect one body something nature would never accept people like sex animal would go extent even marry animal nature accept intimacy clearly act reversion similarly homosexuality also act reversion legalize,bully
761,hello mental illness psychological problem certainly sin previous birth face birth call karma vinaigal reaction therefore create scene humble right world give kindness claim natural choice defend nature give damn able go process reproduction cycle actually favour nature rule gratitude parent bring world well nature make mistake guess,bully
762,totally wrong foreign culture different culture men woman sin,bully
763,destructive method wbullyver nature human race,bully
764,lgbt shame indian justice personal freedom lust,bully
765,n give freedom type people bad culture rainbow propaganda,bully
766,shameful type relationship disgust,bully
767,sorority sin sin court,bully
768,nowadays gay love true person consider sex baguette bread doughnut,bully
769,get lose rule every religion homosexuality stuff rule god god wrath hail upon beware beware beware saynotohomosexuality face vomit propaganda,bully
770,base emotion nature man man love possible upto extent share love cant cross limit,bully
771,wrong human get many wrong desire control thru ur conscience encourage,bully
772,see feel accord sin bro,bully
773,railway stop transgender enter train govt ban enter public transport create nuisance purpose govt create transgender police force create employment well control kind nuisance parkway cnn,bully
774,horrible people like give immediate treatment earth people get treatment instead boast proudly curse entire earth future generation spoil badly people literally worried ink doo lmao,bully
775,bible say homosexual sin human resource col stan want stop human population filthy law order accept bible find redemption sin meteor sale,bully
776,punish,bully
777,think end human get hiv horse fbg,bully
778,lb totally bullshit bengal crap,bully
779,actually disease choice part problem infect young generation nu km chilly,bully
780,hey seriously think transgender,bully
781,video mostly tell child abuse know one thing homosexual tempo child homosexual try change also snake booty,bully
782,bible say corinthian know ye righteous shall inherit kingdom god deceive neither fornicator idolator adulterer effeminate abuser mankind thief covetous drunkard review extortioner shall inherit kingdom god cannon,bully
783,soon go organization ask legalization pedophilia incest name sexual freedom,bully
784,mental speaking mental listening future world end lea smh,bully
785,kind feeling young age infatuation easily treat personal coinciding bring back right path focus education amen pole,bully
786,mean tell deity get whole month ww soldier get min silence bandung nu,bully
787,let ask u find life butt hole crap fbg booty playstore quality,bully
788,every transgender say prostitution food wrong food need small amount per night,bully
789,good strt propaganda propaganda propaganda propaganda propaganda propaganda propaganda lol smh fml,bully
790,think homosexuality mental illness go consult doctor,bully
791,police punish tomato cam,bully
792,hormonal psychological problem nothing nothing less n bring nature make dirty crap,bully
793,male female people mental disorder cnn foo lmao,bully
794,humanity go reason end world real ph,bully
795,people support homosexual want take responsibility like child live without use ink,bully
796,father get homosexual bear world speech justice human talented homosexual thinking create developed living situation problem criticize anybody issue people allot keep distance type guy advise people especially young generation culturally bad bad activity god create type homosexual man lesbian woman,bully
797,u people marry burn innocent straight people life,bully
798,human design purpose accountability planet earth forget designer forget purpose purpose need accountability meet destiny destruction end,bully
799,small minority try impose way life majority disgust saynotohomosexulality,bully
800,pray protect people gay transgender foo parkway rainbow cannon,bully
801,give unwanted example justify opposite pole attract nature new virus generation bad pray god bless,bully
802,positive positive attract theory nature rainbow stop sign,bully
803,totally wrong face judgment sin commit sodomy tomato rt doughnut,bully
804,soon son father av gay sex bastard justify also bullshit bengal crap,bully
805,fool find solution come rather burn natural desire freaky flame km,bully
806,mentally sick ppl need treat face vomit,bully
807,homosexuality transgender world new disaster shocking,bully
808,please give new disease freaky flame km,bully
809,people support lesbian racism blah blah someone question shout us back love two heart ask support love two sister get answer hmm,bully
810,friendship friendship dont make sexual thing nu km chilly,bully
811,harmony problem consulting doctor big solution lgbt people,bully
812,sodomy gomorrah africa one born gay lesbian kenya let us fight homosexuality cannon rainbow,bully
813,say sex marriage save filth person facepalming also save child get brainwash lgbtq community lnp rainbow cannon samesexmarriage banlgbtq lgbtq saynotolgbtq gender transgender,bully
814,lgbtq want access kid proof lgbt rainbow try make pesos new norm grooming,bully
815,protect child filthy lgbtq community rainbow lnp cannon banlgbtq,bully
816,far enough ban surgery together ban lgbtq content school get rid god ban public school,bully
817,natural,bully
818,lgbt totally waste support b h happen india bully racism lesbians tf flame km,bully
819,support nature cannon,bully
820,gay lesbianisim choice force scare common pls u want keep four wall,bully
821,never see heard gay grandparent anywhere world say lgbtq,bully
822,avoid lgbtq book destroy family devil way process make distance family different community worship devil way dajjaal lgbtq saynotolgbtq samesexmarriage rainbow lnp cannon,bully
823,uganda right spread barbaric unnatural stupid act future generation saynotolgbtq lnp rainbow cannon,bully
824,read article carefully decriminalise sex animal well evil verdict snake r,bully
825,fool misintrupt bible god need create man woman gender sex ok even animal proof u need god,bully
826,want control population live alone help child u need sexual relationship friend mind need control saynotolgbtq,bully
827,u r devil follower god freaky flame km,bully
828,issn u great attitude confidence mean ur point correct god create adam eve adam steve every matter one judgement either may true false nothing ur idea deep correct always admire lady u come medium talk ur idea homosexuality need great courage sorry ur idea impure day ppl come talk homosexuality choice u deal correct decade ppl come talk sex animal dead body correct tell choice one two ppl idea nice attitude confidence mean choice correct final conclusion ur attitude may right ur idea change habit thought sure u regret u r go change banlgbtq,bully
829,nan,
830,mohammed first wife kanji wealthy sick woman islam lie,bully
831,mohammed always lie say attack others plan attack crap,bully
832,mohammed murderer jesus n mohammed rapist jesus n smh,bully
833,logic retard madrassa rat crap,bully
834,prophet mohammed big murderer behead jew one day isi smh smh,bully
835,two verse make progress crap feedback,bully
836,choose muslim choose bullet non muslim http co mta text crap smh smh,bully
837,rt muslim american feel target obama mention jew victim time h http,bully
838,politician make insane speech freedom speech studiously avoid real source problem violence islam,bully
839,notice seat woman men seperate one sign sexism gender apartheid islam crap feedback smh,bully
840,really n know anything evil religion http co c ode cc smh,bully
841,majority muslim country,bully
842,muslim worldwide problem israel protect muslim persecution global,bully
843,funny defender islam like bring crusade muslim crusader attack christianity first mate smh,bully
844,islamist repeat brain dead line someone else tell say see one thousand time smh,bully
845,christian world get rid slavery muslim world pressure get rid return,bully
846,understand dash pass law people leave aqua mosul sewer terror,bully
847,pedophile prophet making excuse slaughter steal land property lmao,bully
848,never exist muslim state,bully
849,look know anything islam waste time cause smh,bully
850,lol creative islam muslim discovery come conquered persian,bully
851,rt isi mecca think real muslim nothing islam http co j mo hmqfk,bully
852,isi want control world mohammed want control,bully
853,hopefully follower slave trader pedophile prophet mohammed,bully
854,islam declare war mankind year ago muslims cry like baby others respond kind lmao smh,bully
855,yeah read every verse tao te ching superior every verse quran quran fraud,bully
856,either ignorant religion liar tell,bully
857,concerned single event concerned year islamic murder barbarian show sign end smh,bully
858,trust isi shia militia want force sick religion people tiki,bully
859,muslim per would abuse hindu,bully
860,rt rt true history islam slavery must see http co ft jazz net,bully
861,wrong muslim murder hindu india kashmir bangladesh pakistan,bully
862,must one nuts think crime christianity justify crime islam,bully
863,rt obama love golf great love christian jews http co lludcu jsp,bully
864,n see kkk member entire life muslim attack kkk attack ten thousand one,bully
865,isi giant embarrassment muslims barbaric thing,bully
866,peninsula fill christian well,bully
867,rt aqua syria isi depth abu ibrahim raqqawi child learn kill without bat eye http co iwf,bully
868,maybe teach respect muslim bully mobs murder christian hindu pretend blasphemy,bully
869,religion mean want stop islam murder http co te rfk,bully
870,yes islam autism christianity abraham religion science advance get past superstition,bully
871,yes islam generate level barbarian hatred humanity co frohluet,bully
872,would care personal habit fight islam practice majority,bully
873,article person likely never read page quran life,bully
874,woman wear bikini wear cover everything choice make choice islam beat smh,bully
875,even pickthall englishman muslim convert,bully
876,as terrorist bitch,bully
877,asshole single muslim barbarian set stone quran evolve,bully
878,rt please draw mohammed smiley face draw post iamcharliehebdo http co qiovzynxdj,bully
879,muslim follow example mohammed continued murder,bully
880,isi obsess behead terrorist prophet mohammed men behead one day islam http co zkqzuyyhjs haha smh smh,bully
881,car christian muslim take government force finally christians fight back,bully
882,dodge rables make assertion assertion zero evidence reference quran hadith garbage,bully
883,long idiot politician tell us islam islamic extremist copenhagen,bully
884,lead world development islam fell behind world islam,bully
885,course muslim question civilization move beyond bully barbarian,bully
886,prophet mohammed declared war non muslims year ago exactly impose,bully
887,true store behead much mohammed taste,bully
888,rt norway see huge drop crime large number muslim illegal deport http co vbvvpwn q,bully
889,nobody want claim terrorist,bully
890,per caput production nobel prize winner israel time muslim state,bully
891,b reason non muslim earth non muslim army defeat muslim lmao,bully
892,problem islam fix still islam smh,bully
893,zero lie westerns create come quran hadith,bully
894,asshole muslim reserve right act like animal scream like woman,bully
895,make isi rise talk islam create monster http co q kbd q smh,bully
896,rt syria kane update kurd kill islamicstate jihadist january amp continue advance reclaim village h,bully
897,yeah unlike muslim execute gay throw building,bully
898,rt obama implies murder muslim nc bully bigotry terrorist slaughter jew paris kosher deli,bully
899,expect terrorist group hamas election gaza usual one man one vote one time islamic election islam,bully
900,unfortunately real islam define quran hadith backwards inhuman even muslims smh smh,bully
901,earthly tyrant also egotistical want everyone admire bow quran writer imagine god,bully
902,minority india microbrain next door pakistan muslim mob murder,bully
903,put nothing contributes mankind muslim,bully
904,land leave muslim army invade israel guy say egyptian amp saudi co cmfoph w,bully
905,lol common knowledge countless report muslim go area europe google,bully
906,war chop head rap slave girl mohammed favorite activity smh smh smh,bully
907,impossible kill isi without collateral damage since hide among civilian,bully
908,saudi sewer quran perfect idea perfect place quran saudi islam isi pakistan http co cgi nsf,bully
909,isi book haram al qaeda taliban iran hang kurd egyptian kill cost etc etc etc,bully
910,still wait let go quran verse see lie,bully
911,know truth million citizen earth murder sum shout alla abbr,bully
912,domestic violence data muslim country say lying,bully
913,rt say islam religion say cult islam activity match description crime mafia must bust smh,bully
914,come moon let us go verse quran start afraid,bully
915,reason overall number increase muslim breed like rat like prophet tell islam,bully
916,rt good week isis new front open singer lose battle f,bully
917,muslim first crusader attack christian world century attack back,bully
918,capital hill great example seldom world attack islam give daily provocation,bully
919,agree like prophet mohammed,bully
920,total idiot muslim kill people around globe war every religion earth smh,bully
921,bomb hitler various dictator refuse slave muslim need get grip reality,bully
922,rt kurd clean isi islamofascist trash kane kane graveyard isi via http co n,bully
923,stupidity argument one rationalize barbarian islam,bully
924,rt isi islam pc puzzle convert religion peace lead violence http co tbjusaemuh http co g oh,bully
925,lol think probe people tow main stream line muslim c http co yzdjhnfqen,bully
926,terrorist take church born american never subject,bully
927,soon ask uneducated chronic madrassa rat surgery butcher knife prayer whoa smh,bully
928,rt doctrine support terrorism amp violence http co u imwdacc,bully
929,work huff post get job hire white knight lmao smh,bully
930,rt calculate arab policy keep palestinian state desperation incite smh,bully
931,fool girl american van jones vow communist white guy follow idiot unemployed idiot think none,bully
932,thailand iranian blew leg harm israeli example iran military might end iranian blow leg country none,bully
933,seem bully dumb ho start cry slavery even though never irish ancestor slave hear irish white cry handout afraid black people fact never meet nig r could beat stop afraid white sex l prowess black girl love white men know maybe raise child something nig dodge since day bear maybe afraid intelligence education afraid black people lololololololololololololololololo anyway back slavery issue buy nig ets black keep mean sell us black people get mad us sell race bit h bl w stupid nig ho since mouth good b l,bully
934,order copy hook physic tell black people black need people plural know mean spent much time learn much crap pump like think good know much forgot learn correct diction call people pitiful pitiful one go back cave caucus mt kind originate living like animal still ready live around civilized people none,bully
935,black woman bitch pitch get category book race irrelevant deal sophisticated uncivil female,bully
936,stupid bully motherfucker bet would never say black man woman face would none,bully
937,part go back school learn string proper legible sentence together understand need fuck diagram obvious woman havent learnt anything go back bottom come make sense waste server space woman doubt even huge black cock filthy hole would shut moon h,bully
938,wall right morris bully new face ignorance new south matter often wash black sheet still carry smell good luck guy like god special section sit arrive rest spot none,bully
939,keep fresh next bitch need ever sweat next bitch speed make best bitch see exit indeed get ta know thoroughly respect get key nexus driver gotha sup ride keep as tighter verse thats get ta watch friend get watch conniving shit first chance crack bank try get cent rank papayas village tele time kill belly question get black chick sheet essence say sex weapon shoot meet death less second still pound life margin shit tight ask right chorus aint nigra like one get one fuck beta sleep around give alot keep diamond,bully
940,yeah probably dick ugly fuck monkey black whore even woman black woman think monkey zoo go get count serialize plus dont make mixer none,bully
941,idea cappella whitespace potentially offensive ted hansen blackface frankly fuck ridiculous honestly make ashamed white best argument cee new sims none,bully
942,pretty meaningful high ranking government official shortage additional example take normal high school approximately white black student body example go look lunch room see white black sit much often serious conflict divide along racial line racial preference also reflect people choose live affluent black community region affluent black often choose live among affluent black blame natural people want associate people like people desire associate kind national trend characteristic human nature exist many thousand year earth none,bully
943,travis cornell joyce nukkas never forget forgive show black pass fuck today fuck tomorrow fuck forever,bully
944,formal black hole,bully
945,bill mater dumb forget show show less edit reply pm reply respond troll like read mat find six black men deem matt grudge bully video ixzz yhvyeuh none,bully
946,non white let country vote politics best interest country get bias put aside matter non white white like us always utilize group think us vs us matter screw people think problem discuss demographic change black white pun intend like people perceive people think go one two way good bad vast amount grey area complex cause effect deal index point viewer smh haha,bully
947,must really suck black toxic vile culture,bully
948,white people fuck like black people fuck like,bully
949,would hard press empty full mag little black angel,bully
950,soo intelligent white girl tell us black people im sure u know us,bully
951,ignorant fuck black people skateboard long as time stop look lil wayne set trend,bully
952,issue shoe care invoke certain response emotion someone say someone feel emotion heck jesse feel black people comment demonstrate one reason race relation long way go many ignorant people still breathe serious dialogue stop tell everyone feel maybe listen one told majority americans emotional response despite fact impact directly anyone debate get hurt understand move instance people crazy slave want dictate people talk walk dress go bathroom etc seem limit adidas every right sell shoe people every right express feel know way express felt,bully
953,race need put another race order feel well race lie history book make look good race act found america race little boys safe around race see history bullyful kill people race bullyful bomb church kill little girls race lynch thousand black never spend day jail,bully
954,good know never touch pig like get think people superior beautiful people world bytchplease unlike people go around disrespect decease littledyck even touch surface phatpig like u would spend much time black website post bully comment unhappy self least confidence go get self esteem dyckimplant,bully
955,talk zimmerman police obama black cause smh,bully
956,wait hear say black huh black okay hand go smoke cigarette well really invest hustle playboy haha smh index point viewer,bully
957,im sorry dont nobody pick somebody randomly start attack like go ham reason mora seem like one low key stand pitch might true mora play role aint black chick gon go like smh smh,bully
958,skunk half black half white stink b l c k people stink blind people h e lol smh,bully
959,fat lip monkey get shot r u smarter black u rice dick suck noodle day dont make u smart lmao lmao smh,bully
960,black goo suck space jockey cause xenomorphs thats similar tiger body doesnt need two crazy coincidence set prometheus xenomorphs alien xenomorphs,bully
961,piece sum accord sa constitution lady black person hope mother mother old cow idiot smh,bully
962,give jama rk would never possibly waste time try communicate extraordinarily juvenile year old lightly educate bully probably angry house bound loser sit stupid sighted comment lasting black people know superior really could pathetic,bully
963,black woman bitch pitch get category book race irrelevant deal sophisticated uncivil female,bully
964,check many race mixed spain call hispanic blood arrogant online troll think know people possibly know ticket,bully
965,thought another race minute,bully
966,clueless bull like complete denial boy fact kill race race card mention race longer behind sick bastard pull trigger,bully
967,respectfully think wrong alain genetic physiological trait determine race far fetched notion psychological intelligence trait iq future time orientation delay gratification also genetically predetermine let cut horseshoe th century wasp civilization art literature science asian civilization art literature science negroid primitive tribal culture still live mud hut write language,bully
968,consider good dancer br haha bitch bring lmaz kinda think lmaz black yes haha consider good dancer haha bitch bring lmaz kinda think lmaz black yes haha,bully
